timestamp,entrance_amount,exit_amount,temperature,humidity,parking_entrance,parking_exit,parking_actual_vehicle
2023-04-19 17:14:53.803518,26,22,18.727078164107446,59.7751043614207,2,3,266
2023-04-19 17:14:53.803518,49,49,19.59207866992339,59.546006394529265,1,2,44
2023-04-19 17:14:53.803518,33,24,17.0316120279635,51.11188751696692,2,3,398
2023-04-19 17:14:53.803518,39,30,11.96792005902903,54.39976437505152,4,3,146
2023-04-19 17:14:53.803518,17,40,26.490933973828188,51.16189751759999,1,3,452
2023-04-19 17:14:53.803518,23,1,14.937966882489812,58.56425202169756,4,4,88
2023-04-19 17:14:53.803518,44,13,14.599698907056117,48.73086179376636,3,4,104
2023-04-19 17:14:53.803518,11,28,21.12683881299651,64.45820426618505,2,1,3
2023-04-19 17:14:53.803518,42,9,14.5414262136715,70.89394059637655,1,2,155
2023-04-19 17:14:53.803518,37,33,23.952220671170423,57.57381212533293,2,4,278
2023-04-19 17:14:53.803518,40,27,24.010097329726648,46.25368758086164,2,3,204
2023-04-19 17:14:53.803518,17,29,29.36802199872904,30.63309000172444,3,3,463
2023-04-19 17:14:53.803518,7,13,30.534245638445597,43.291015031574766,1,3,401
2023-04-19 17:14:53.803518,29,31,26.93600385119734,38.829337800346465,3,4,56
2023-04-19 17:14:53.803518,44,40,19.891900228924268,62.01380183481163,2,3,407
2023-04-19 17:14:53.803518,39,40,31.908231916551454,51.13437540539007,3,1,28
2023-04-19 17:14:53.803518,33,28,21.37354853479887,56.37915785186304,3,2,464
2023-04-19 17:14:53.803518,8,0,14.04241801948453,51.22709168811796,4,1,185
2023-04-19 17:14:53.803518,0,49,18.893295858087924,66.44295809054844,1,2,225
2023-04-19 17:14:53.803518,22,14,20.975987026652394,61.94422095737512,1,1,302
2023-04-19 17:14:53.803518,17,27,13.21224702413958,57.4292133451535,3,1,378
2023-04-19 17:14:53.803518,5,47,24.40196960509076,50.90912102500618,4,4,457
2023-04-19 17:14:53.803518,15,4,22.75385018469166,47.38464937122356,3,2,480
2023-04-19 17:14:53.803518,41,36,13.051167222769319,56.21465654722734,1,1,244
2023-04-19 17:14:53.803518,42,31,14.723995449211138,49.32972157809073,4,1,318
2023-04-19 17:14:53.803518,29,5,18.53892891183842,66.68132336813797,1,2,73
2023-04-19 17:14:53.803518,11,42,26.78485584333908,48.793249643683914,2,3,301
2023-04-19 17:14:53.803518,4,17,23.527065183668462,57.022916949904335,3,1,417
2023-04-19 17:14:53.803518,25,49,23.244454725001578,71.27409839347771,4,2,181
2023-04-19 17:14:53.803518,25,8,24.923605958788773,46.48546509062887,1,2,347
2023-04-19 17:14:53.803518,5,20,20.02606868700893,43.652307771259046,3,3,40
2023-04-19 17:14:53.803518,42,17,24.16079283199757,52.14045649105025,3,2,243
2023-04-19 17:14:53.803518,45,17,25.014464853418694,41.004298820246746,2,2,319
2023-04-19 17:14:53.803518,20,24,16.164225784822772,49.010701828487846,4,4,89
2023-04-19 17:14:53.803518,45,4,29.791422924377237,52.59392555496113,3,2,87
2023-04-19 17:14:53.803518,36,1,27.28519414946576,29.491614651349366,3,2,86
2023-04-19 17:14:53.803518,37,38,15.805127066001276,45.64796481064551,3,3,18
2023-04-19 17:14:53.803518,0,5,19.02985270823336,50.29680978905542,4,2,452
2023-04-19 17:14:53.803518,42,37,10.644592205224756,43.27426895108086,4,4,415
2023-04-19 17:14:53.803518,37,2,16.10208054302978,40.77740328360598,3,3,232
2023-04-19 17:14:53.803518,42,9,21.37246533850343,60.59836016649819,3,3,494
2023-04-19 17:14:53.803518,47,48,16.519494210101318,50.447890976155605,3,2,191
2023-04-19 17:14:53.803518,25,44,24.11082361893809,52.23610080531969,3,2,435
2023-04-19 17:14:53.803518,36,34,28.757290342157127,43.17381091352487,1,1,399
2023-04-19 17:14:53.803518,28,22,20.858215316911497,43.60615363961961,2,3,498
2023-04-19 17:14:53.803518,11,12,18.474370321189653,57.07463391355997,4,3,127
2023-04-19 17:14:53.803518,31,18,17.09699362478775,60.37295710225174,1,3,376
2023-04-19 17:14:53.803518,22,46,24.732149146183943,40.43874617632049,1,3,52
2023-04-19 17:14:53.803518,13,32,11.928561097583076,61.85191989587051,1,2,415
2023-04-19 17:14:53.803518,5,13,20.722533449886726,31.155441912059796,1,2,121
2023-04-19 17:14:53.803518,46,22,7.992212744976099,45.2807995625549,2,4,191
2023-04-19 17:14:53.803518,0,6,21.554512033125874,29.970525717797173,3,3,53
2023-04-19 17:14:53.803518,33,35,18.021351378666374,42.06818706608707,3,2,387
2023-04-19 17:14:53.803518,21,28,16.635787691010023,52.695075971875724,4,2,167
2023-04-19 17:14:53.803518,10,33,21.590903105038496,36.54539986356224,2,2,36
2023-04-19 17:14:53.803518,44,0,11.310887155948652,70.68335096218443,4,2,152
2023-04-19 17:14:53.803518,0,42,21.293103218629433,44.99492954379674,2,3,43
2023-04-19 17:14:53.803518,6,39,17.652046710618947,46.839903690246295,4,2,114
2023-04-19 17:14:53.803518,33,27,18.877880987146288,69.155312322631,4,1,442
2023-04-19 17:14:53.803518,36,35,20.0939876343878,67.61531497843035,3,2,453
2023-04-19 17:14:53.803518,45,41,21.986904309907324,36.60729190349163,4,2,239
2023-04-19 17:14:53.803518,37,37,21.90767244790406,49.602348438206825,4,1,312
2023-04-19 17:14:53.803518,33,16,8.54933570284312,60.32312045991267,2,1,224
2023-04-19 17:14:53.803518,5,8,12.566759123822408,60.66427528143002,1,1,432
2023-04-19 17:14:53.803518,33,2,19.7674685383231,33.40200480981722,1,3,207
2023-04-19 17:14:53.803518,20,37,14.927275428754909,51.388814152875895,2,3,254
2023-04-19 17:14:53.803518,29,8,23.755495172144382,59.26958106041208,3,2,370
2023-04-19 17:14:53.803518,1,42,19.650709103120754,56.12004149956106,2,1,66
2023-04-19 17:14:53.803518,49,20,23.364713521698558,44.511606065847836,1,4,467
2023-04-19 17:14:53.803518,5,42,24.525628389082414,39.94079114811966,2,4,409
2023-04-19 17:14:53.803518,19,38,21.22948932894093,60.71032479343507,2,1,462
2023-04-19 17:14:53.803518,33,46,26.83979481963612,48.09736486226665,2,2,272
2023-04-19 17:14:53.803518,49,29,19.48089836612785,32.20192120797419,3,1,383
2023-04-19 17:14:53.803518,39,7,14.671603601778745,48.809511809964434,3,4,343
2023-04-19 17:14:53.803518,10,8,26.330328019178943,39.22635387584156,4,4,147
2023-04-19 17:14:53.803518,34,46,16.211178762624613,63.96625699950319,2,3,371
2023-04-19 17:14:53.803518,48,11,18.86007958004033,56.45232537564656,3,2,7
2023-04-19 17:14:53.803518,37,17,24.63696009018536,44.00979382214462,4,2,253
2023-04-19 17:14:53.803518,15,32,13.505924266194278,45.81194306758587,2,3,439
2023-04-19 17:14:53.803518,13,24,20.857001122099874,51.395129132762364,2,3,206
2023-04-19 17:14:53.803518,0,41,14.63688742021132,34.52271891350954,4,3,190
2023-04-19 17:14:53.803518,26,32,28.26401873452602,51.34540720894332,4,2,128
2023-04-19 17:14:53.803518,32,32,14.10409988994186,64.0017072817629,3,2,440
2023-04-19 17:14:53.803518,19,36,29.584832194255306,46.09621160597299,1,1,402
2023-04-19 17:14:53.803518,36,19,23.975590228288958,44.19565360410692,3,4,136
2023-04-19 17:14:53.803518,36,26,22.03105434374842,56.203404218761264,1,2,76
2023-04-19 17:14:53.803518,45,3,26.812663310393077,45.3999554836986,1,3,65
2023-04-19 17:14:53.803518,28,41,20.77958960083584,48.00382816788343,2,1,212
2023-04-19 17:14:53.803518,19,20,15.283316341044145,52.51227142967816,1,1,237
2023-04-19 17:14:53.803518,8,42,22.131222902466614,41.124617820160864,1,4,204
2023-04-19 17:14:53.803518,2,38,25.517552203276104,57.62006128584379,1,4,19
2023-04-19 17:14:53.803518,19,12,18.158497101904633,50.08630587804728,3,1,291
2023-04-19 17:14:53.803518,15,38,18.43080530476857,41.63964969746589,1,3,470
2023-04-19 17:14:53.803518,14,35,10.324056558943276,62.44208214605386,2,2,254
2023-04-19 17:14:53.803518,37,36,20.7306471939837,55.59240737766483,4,2,321
2023-04-19 17:14:53.803518,20,42,11.71968196509541,43.64377693781375,3,1,281
2023-04-19 17:14:53.803518,31,16,21.729736781366306,52.64282427699911,3,2,167
2023-04-19 17:14:53.803518,42,26,20.78709619053442,52.225616116772606,3,2,90
2023-04-19 17:14:53.803518,20,10,8.951834318564993,54.1418645787693,4,4,194
2023-04-19 17:14:53.803518,19,47,16.54260886323799,53.55065087392127,3,4,132
2023-04-19 17:14:53.803518,24,27,14.352946436966203,33.80966522207954,4,1,355
2023-04-19 17:14:53.803518,0,32,22.65847748299772,38.453297754901335,2,3,282
2023-04-19 17:14:53.803518,9,40,16.7168182655558,43.023013574849756,1,3,410
2023-04-19 17:14:53.803518,46,49,13.300375473402424,48.93208938511419,3,4,151
2023-04-19 17:14:53.803518,12,8,16.589689388209074,46.318783197722695,1,2,211
2023-04-19 17:14:53.803518,17,7,18.55041119548053,62.75858351273072,2,4,320
2023-04-19 17:14:53.803518,3,28,24.580676124458666,43.755321671561234,4,4,41
2023-04-19 17:14:53.803518,8,17,19.33433809118824,40.38121978024746,1,4,297
2023-04-19 17:14:53.803518,23,3,24.13461738417439,63.20480509547896,2,1,42
2023-04-19 17:14:53.803518,8,39,11.066976562535272,68.7385638440589,3,4,358
2023-04-19 17:14:53.803518,38,36,24.662518085001032,71.84331490497513,2,3,154
2023-04-19 17:14:53.803518,6,38,33.64345423296436,50.28592044517219,4,3,245
2023-04-19 17:14:53.803518,42,14,21.581996256903548,59.62694671905349,3,3,469
2023-04-19 17:14:53.803518,31,44,17.054765850341784,55.63763773827699,3,3,467
2023-04-19 17:14:53.803518,29,22,21.200491917639706,27.806485953122912,2,4,206
2023-04-19 17:14:53.803518,19,3,20.429273566868105,57.33546799872431,1,2,359
2023-04-19 17:14:53.803518,15,47,18.556141151790268,25.26127876553465,4,1,360
2023-04-19 17:14:53.803518,15,44,17.73499380218195,46.520189701205425,4,2,431
2023-04-19 17:14:53.803518,26,45,20.514442091925037,39.973485506243996,4,4,247
2023-04-19 17:14:53.803518,4,33,23.070100462469306,41.32830844290821,4,2,11
2023-04-19 17:14:53.803518,0,36,28.99446313890256,38.05374767231478,4,3,181
2023-04-19 17:14:53.803518,0,10,13.732151691352026,53.5641295221087,1,2,333
2023-04-19 17:14:53.803518,8,30,23.405843469029293,39.52841045591633,1,3,6
2023-04-19 17:14:53.803518,17,5,23.786989398983856,51.4944785792265,1,4,172
2023-04-19 17:14:53.803518,28,46,18.715744928658104,43.22771375890693,1,4,272
2023-04-19 17:14:53.803518,15,24,18.208050714251634,45.02944476888909,1,4,364
2023-04-19 17:14:53.803518,26,9,25.69772737587511,68.54529692140571,1,3,226
2023-04-19 17:14:53.803518,35,38,22.013122468769303,47.77794167537543,1,4,456
2023-04-19 17:14:53.803518,1,40,23.707217113546307,71.16358671105871,4,3,456
2023-04-19 17:14:53.803518,7,4,15.541539770964851,51.24576986980635,3,2,389
2023-04-19 17:14:53.803518,34,30,19.499196364729478,46.57574956538669,2,1,0
2023-04-19 17:14:53.803518,27,7,22.405549051870945,38.30569105076421,3,4,153
2023-04-19 17:14:53.803518,32,9,19.562831430858242,61.31484668434584,1,1,171
2023-04-19 17:14:53.803518,10,13,30.214826333331754,57.67286482564311,3,2,386
2023-04-19 17:14:53.803518,36,43,20.267556119253907,47.462647153447605,2,3,373
2023-04-19 17:14:53.803518,30,11,28.30484499505128,41.80560248723896,3,3,118
2023-04-19 17:14:53.803518,18,27,12.199566692107938,25.70761293647844,4,2,122
2023-04-19 17:14:53.803518,6,13,13.448947346876203,61.64308231180823,1,2,275
2023-04-19 17:14:53.803518,25,1,25.56151766935742,55.636379190142705,1,3,311
2023-04-19 17:14:53.803518,24,8,21.29524475359831,48.38956125797536,3,3,268
2023-04-19 17:14:53.803518,47,33,12.401330139121365,44.70774064135596,4,2,150
2023-04-19 17:14:53.803518,19,23,28.723064292101345,47.53979518864744,2,3,63
2023-04-19 17:14:53.803518,6,0,27.18788638293629,50.864235520309734,4,3,444
2023-04-19 17:14:53.803518,2,44,23.331577071643697,48.90687248587375,4,3,424
2023-04-19 17:14:53.803518,0,29,25.49885155047832,42.802273546097446,1,4,386
2023-04-19 17:14:53.803518,5,31,27.013342429733868,35.41456397735662,3,4,386
2023-04-19 17:14:53.803518,23,19,23.286522825576714,30.103199411029742,4,3,452
2023-04-19 17:14:53.803518,24,38,21.129958870294775,54.40774468503217,4,4,301
2023-04-19 17:14:53.803518,39,1,27.300786390844507,40.987768552526006,2,2,183
2023-04-19 17:14:53.803518,48,0,18.52078903628142,43.10708355589084,1,3,213
2023-04-19 17:14:53.803518,13,4,18.459493272220733,49.347691024757935,3,4,355
2023-04-19 17:14:53.803518,13,31,16.15095765794679,54.86592544127348,1,4,405
2023-04-19 17:14:53.803518,18,13,21.129623406113545,32.01925131540459,3,2,118
2023-04-19 17:14:53.803518,28,36,20.525015110934177,36.221575269082855,4,1,447
2023-04-19 17:14:53.803518,30,7,17.507179417354692,48.793715604982935,3,2,305
2023-04-19 17:14:53.803518,22,30,19.303327589326425,50.71934362341578,1,4,292
2023-04-19 17:14:53.803518,30,39,18.99371566280532,49.068799045979276,3,3,182
2023-04-19 17:14:53.803518,33,6,21.231867255464447,55.426674156626184,4,1,458
2023-04-19 17:14:53.803518,8,12,29.261760264733702,48.40864178460258,4,4,10
2023-04-19 17:14:53.803518,20,8,17.647021566718546,39.132750421520086,1,4,186
2023-04-19 17:14:53.803518,18,43,18.960618176420876,56.27597545224484,1,4,336
2023-04-19 17:14:53.803518,40,31,27.40843603330883,70.22277183546099,1,3,250
2023-04-19 17:14:53.803518,1,26,19.36335782696174,34.81830711105282,1,1,123
2023-04-19 17:14:53.803518,31,30,22.155703255677253,52.20898183689234,1,3,169
2023-04-19 17:14:53.803518,0,14,19.135221028828298,62.54031428771544,2,4,123
2023-04-19 17:14:53.803518,41,21,17.96709821531056,48.70955372367997,2,2,24
2023-04-19 17:14:53.803518,15,11,7.520439559516214,64.45985930369615,2,4,494
2023-04-19 17:14:53.803518,2,17,21.29099307858876,46.201548239370524,2,1,372
2023-04-19 17:14:53.803518,28,36,14.67683755852063,49.023549102852286,3,3,165
2023-04-19 17:14:53.803518,23,11,24.755840050055703,64.41268421574598,2,1,174
2023-04-19 17:14:53.803518,48,4,10.398619600083975,36.7222817287901,3,3,384
2023-04-19 17:14:53.803518,40,15,17.069095531759174,36.92565075784844,1,4,337
2023-04-19 17:14:53.803518,8,15,17.410613257259467,68.38762194166267,1,4,376
2023-04-19 17:14:53.803518,37,35,13.58906347507679,49.00503175950371,1,1,478
2023-04-19 17:14:53.803518,1,14,21.948511307383328,40.7571753101913,4,2,196
2023-04-19 17:14:53.803518,47,23,16.769101093718003,51.20493571816427,4,4,250
2023-04-19 17:14:53.803518,19,47,9.920514038400654,50.9921063703583,4,4,342
2023-04-19 17:14:53.803518,23,40,27.850192429469356,45.12058194026346,1,4,13
2023-04-19 17:14:53.803518,40,37,26.69606062484461,31.996533576221573,1,2,169
2023-04-19 17:14:53.803518,43,34,20.263630414514232,44.233133201264074,4,2,359
2023-04-19 17:14:53.803518,0,23,22.763493993935185,39.799793065944044,1,4,319
2023-04-19 17:14:53.803518,49,10,16.043531608320315,37.740485679314105,2,3,115
2023-04-19 17:14:53.803518,23,31,18.631063639641464,49.97617942209298,3,4,230
2023-04-19 17:14:53.803518,36,0,24.476717803139874,39.15332732539802,3,4,374
2023-04-19 17:14:53.803518,12,13,20.05316108611556,39.78329778883474,4,2,117
2023-04-19 17:14:53.803518,30,32,17.515490388428987,53.04193909216077,4,4,115
2023-04-19 17:14:53.803518,31,1,16.290686996098145,48.9870119839111,1,3,339
2023-04-19 17:14:53.803518,20,13,16.807539203543577,60.03263616416566,3,1,242
2023-04-19 17:14:53.803518,34,12,21.339492318527288,66.67535565261163,3,4,189
2023-04-19 17:14:53.803518,41,6,19.50586856619296,43.91117374475449,1,1,302
2023-04-19 17:14:53.803518,1,42,16.321883205399676,49.89572732617967,3,1,235
2023-04-19 17:14:53.803518,4,12,18.573513379903314,48.91287165083975,3,3,148
2023-04-19 17:14:53.803518,12,23,17.314242307122587,49.30268063000236,4,4,80
2023-04-19 17:14:53.803518,49,18,19.276584764767414,38.83284220554948,3,1,363
2023-04-19 17:14:53.803518,48,43,20.308808984753497,37.36500756140845,4,3,51
2023-04-19 17:14:53.803518,33,31,18.65073285765232,52.84773797334655,2,1,301
2023-04-19 17:14:53.803518,19,35,19.366834948587854,50.93983978379537,1,1,322
2023-04-19 17:14:53.803518,9,46,23.902265252872446,57.689247998100356,1,2,92
2023-04-19 17:14:53.803518,42,37,9.050651079680769,54.14135014823019,3,3,265
2023-04-19 17:14:53.803518,7,9,19.213538503859485,53.406722267067366,1,4,334
2023-04-19 17:14:53.803518,15,20,26.290920360959078,57.07126476319213,4,2,481
2023-04-19 17:14:53.803518,31,17,21.77066807546018,51.729788917534236,2,4,388
2023-04-19 17:14:53.803518,48,45,10.35452936106738,44.467923945228826,1,3,487
2023-04-19 17:14:53.803518,2,46,16.21903516061354,46.83845810999301,1,1,263
2023-04-19 17:14:53.803518,33,38,20.613264543205947,56.340011475190565,3,3,489
2023-04-19 17:14:53.803518,8,11,15.90764696540808,62.128339008098415,4,4,29
2023-04-19 17:14:53.803518,23,16,13.928072709757597,59.627289387677216,4,3,117
2023-04-19 17:14:53.803518,15,9,14.038631930269082,36.586000038790715,4,1,35
2023-04-19 17:14:53.803518,43,28,22.312231522959312,45.9186123756962,1,2,198
2023-04-19 17:14:53.803518,40,17,21.151296862875018,43.60628899184902,2,4,66
2023-04-19 17:14:53.803518,44,6,24.850785030197702,60.761936263958255,1,2,389
2023-04-19 17:14:53.803518,20,8,12.253146439845553,54.18926058519997,3,2,435
2023-04-19 17:14:53.803518,13,41,24.632365391377185,54.11376546904164,2,3,52
2023-04-19 17:14:53.803518,21,5,19.524994318054535,28.219142276452224,2,1,389
2023-04-19 17:14:53.803518,47,43,17.002087104469233,53.36805359075408,3,1,267
2023-04-19 17:14:53.803518,30,24,18.674849725154424,52.094619707664684,4,4,307
2023-04-19 17:14:53.803518,9,1,23.615630810160532,54.90773571531281,3,2,246
2023-04-19 17:14:53.803518,5,3,14.310926162492112,49.744877461180195,3,1,310
2023-04-19 17:14:53.803518,29,11,18.551858680394954,49.51918035912593,3,3,170
2023-04-19 17:14:53.803518,16,10,18.847118547511943,52.91070412872433,4,4,420
2023-04-19 17:14:53.803518,1,2,18.042375943593637,54.71582134140415,4,2,216
2023-04-19 17:14:53.803518,38,37,25.550389007168302,48.379533896100575,4,2,306
2023-04-19 17:14:53.803518,23,38,25.88284611998459,41.057443538016315,1,4,297
2023-04-19 17:14:53.803518,24,35,8.743226658096672,46.67624136745332,1,2,425
2023-04-19 17:14:53.803518,3,19,18.20984415118319,50.387342777977125,4,4,437
2023-04-19 17:14:53.803518,32,9,23.055457695994352,46.90128358300106,4,4,19
2023-04-19 17:14:53.803518,43,17,26.729432952996675,61.92708243916169,3,4,374
2023-04-19 17:14:53.803518,14,32,16.264877416331814,42.68041581160702,1,1,51
2023-04-19 17:14:53.803518,9,21,21.94647370481914,32.361978393746604,3,1,160
2023-04-19 17:14:53.803518,38,7,16.44467370005183,48.25553893707093,3,1,215
2023-04-19 17:14:53.803518,31,26,25.98951685811461,63.34836526729825,1,4,431
2023-04-19 17:14:53.803518,48,18,23.999841988529788,48.03430394391308,1,3,412
2023-04-19 17:14:53.803518,18,18,25.578360927036787,61.41561507457811,1,2,227
2023-04-19 17:14:53.803518,39,10,17.834233357587202,53.640992233914446,4,4,123
2023-04-19 17:14:53.803518,27,33,17.127020359133635,59.480535075708104,4,3,304
2023-04-19 17:14:53.803518,30,5,18.133508037011957,53.521668954690426,2,2,35
2023-04-19 17:14:53.803518,4,25,14.260415129065851,36.770893645757155,1,4,224
2023-04-19 17:14:53.803518,2,34,22.705088189252685,40.59057369883185,4,1,453
2023-04-19 17:14:53.803518,12,35,22.064850863830028,43.91238608592943,4,2,397
2023-04-19 17:14:53.803518,32,8,28.778923920690012,50.19045522218826,1,1,113
2023-04-19 17:14:53.803518,25,47,20.351160964612305,48.20347867014941,4,1,423
2023-04-19 17:14:53.803518,20,45,25.342364827708344,60.701596244421786,1,1,336
2023-04-19 17:14:53.803518,39,28,24.658926277089712,34.478426509957615,1,1,93
2023-04-19 17:14:53.803518,19,45,26.05495439506175,60.10347853095962,4,1,67
2023-04-19 17:14:53.803518,7,21,17.424883128153294,51.73422595195101,1,4,487
2023-04-19 17:14:53.803518,13,37,30.125627232361698,47.42449238791332,4,4,145
2023-04-19 17:14:53.803518,26,34,20.664021942152875,62.52689970598736,1,3,395
2023-04-19 17:14:53.803518,42,2,7.672447151244427,48.64594718563421,2,1,39
2023-04-19 17:14:53.803518,39,0,26.984934721515575,55.43066014649046,4,1,408
2023-04-19 17:14:53.803518,40,33,15.877352191151381,48.8595210619177,1,4,367
2023-04-19 17:14:53.803518,28,15,12.798877204109363,49.59220996877285,4,3,485
2023-04-19 17:14:53.803518,18,27,16.166117496909216,54.34998096039573,2,2,355
2023-04-19 17:14:53.803518,2,3,24.879270067263697,58.80701146403827,3,4,247
2023-04-19 17:14:53.803518,11,10,20.007294806286918,50.13356665026798,1,1,277
2023-04-19 17:14:53.803518,23,44,21.458436368567043,47.006012133335425,1,2,15
2023-04-19 17:14:53.803518,36,21,25.047578472375932,38.95642152562214,4,2,217
2023-04-19 17:14:53.803518,33,1,12.821534017599632,53.21611271234662,4,1,313
2023-04-19 17:14:53.803518,32,18,9.544807073176036,56.31207592093597,3,3,472
2023-04-19 17:14:53.803518,38,32,17.359507002104138,56.43524659632247,3,4,298
2023-04-19 17:14:53.803518,18,34,13.476149569371836,45.90673367494605,2,2,419
2023-04-19 17:14:53.803518,41,30,15.755123749237509,55.49446562447466,2,1,224
2023-04-19 17:14:53.803518,44,34,24.055566156437372,38.56517391219657,4,4,30
2023-04-19 17:14:53.803518,21,12,21.10312622518422,49.32963942103316,1,4,35
2023-04-19 17:14:53.803518,36,32,21.759056435760836,34.02141644023493,4,2,401
2023-04-19 17:14:53.803518,4,0,10.846083508575994,55.73922769780868,2,3,89
2023-04-19 17:14:53.803518,46,36,22.405489234531935,51.45370105397625,4,2,65
2023-04-19 17:14:53.803518,19,39,18.19808917102834,58.057329386541234,3,2,242
2023-04-19 17:14:53.803518,1,45,25.18890186165649,69.23292024476919,4,1,60
2023-04-19 17:14:53.803518,49,43,11.62195962827335,46.41394627011555,4,3,97
2023-04-19 17:14:53.803518,4,33,13.79758447889903,58.8545059185794,2,3,210
2023-04-19 17:14:53.803518,33,3,20.299702731657483,40.99550294047206,1,2,113
2023-04-19 17:14:53.803518,2,29,21.10216251318532,62.06715420068333,3,1,11
2023-04-19 17:14:53.803518,44,47,16.012389610468134,39.58229850852281,4,2,309
2023-04-19 17:14:53.803518,31,47,24.16938087109339,35.96425872306054,2,3,101
2023-04-19 17:14:53.803518,13,24,17.116672159167152,39.83640121605015,2,3,276
2023-04-19 17:14:53.803518,4,21,24.777670720204306,55.793582952793024,3,4,90
2023-04-19 17:14:53.803518,28,12,23.86940746748801,66.42974372648163,1,1,249
2023-04-19 17:14:53.803518,27,26,21.18489448987686,50.096752120118296,1,3,247
2023-04-19 17:14:53.803518,25,15,18.0526089745441,43.9484215673264,2,2,201
2023-04-19 17:14:53.803518,34,41,18.838610576628597,37.20238179434259,1,4,476
2023-04-19 17:14:53.803518,44,22,20.412230773879195,56.81864455494767,4,2,428
2023-04-19 17:14:53.803518,47,11,19.114596903301862,32.798375400758545,2,1,323
2023-04-19 17:14:53.803518,23,45,21.03315844746525,38.05566204718215,1,4,449
2023-04-19 17:14:53.803518,0,29,21.620885787764376,46.592048662518515,1,4,327
2023-04-19 17:14:53.803518,27,27,28.656873573673188,53.064901919706884,3,1,306
2023-04-19 17:14:53.803518,29,17,16.500068823354187,52.13849148434043,3,3,414
2023-04-19 17:14:53.803518,27,8,16.5808542194356,59.903889532285845,2,2,352
2023-04-19 17:14:53.803518,10,33,20.04135580428488,41.252852866370404,4,3,412
2023-04-19 17:14:53.803518,43,41,19.88597371750124,44.837351114888705,1,2,193
2023-04-19 17:14:53.803518,21,42,13.21218219019996,50.088163228355086,2,3,81
2023-04-19 17:14:53.803518,34,39,17.39987612689372,60.033022134882216,4,1,86
2023-04-19 17:14:53.803518,40,20,21.075372414583114,40.87679687224042,1,4,250
2023-04-19 17:14:53.803518,45,15,14.643215822245793,45.228451909393605,4,3,96
2023-04-19 17:14:53.803518,45,44,13.127176177703594,50.7720247450774,4,4,156
2023-04-19 17:14:53.803518,4,19,13.41199035445555,23.79445004186767,2,4,368
2023-04-19 17:14:53.803518,11,38,11.975674215625743,45.67709679776519,1,3,224
2023-04-19 17:14:53.803518,6,42,21.838153621866446,50.239239930021995,2,3,463
2023-04-19 17:14:53.803518,26,19,25.865591238484626,31.05156146475662,4,3,214
2023-04-19 17:14:53.803518,36,42,18.56085772366923,53.612058141636005,2,2,283
2023-04-19 17:14:53.803518,6,41,17.99183318029322,52.95056922720505,2,1,140
2023-04-19 17:14:53.803518,0,28,22.223299967226346,52.81458279268225,2,3,23
2023-04-19 17:14:53.803518,9,42,25.432193652309685,46.23301016936316,1,1,208
2023-04-19 17:14:53.803518,37,46,12.982957984662612,59.379857492140786,2,2,239
2023-04-19 17:14:53.803518,31,41,31.043797752098364,50.61367854096233,2,3,290
2023-04-19 17:14:53.803518,37,7,17.16144806414601,47.82406780783489,4,1,463
2023-04-19 17:14:53.803518,10,27,22.116481318943894,64.77680977128344,1,2,34
2023-04-19 17:14:53.803518,30,43,20.404963492261047,45.93080188952562,4,4,479
2023-04-19 17:14:53.803518,48,28,15.38791940341434,56.07494614940176,2,1,456
2023-04-19 17:14:53.803518,43,26,12.779066304842441,53.50844843120575,2,4,11
2023-04-19 17:14:53.803518,37,24,21.108905403897257,58.521312702351956,3,1,82
2023-04-19 17:14:53.803518,25,41,23.69820317181809,67.54821871171721,3,4,68
2023-04-19 17:14:53.803518,35,9,19.065102050903473,31.145591653404608,4,4,427
2023-04-19 17:14:53.803518,49,48,20.508652167547332,56.48242658520488,2,1,368
2023-04-19 17:14:53.803518,10,28,29.35068745499957,49.70759150434009,3,1,470
2023-04-19 17:14:53.803518,16,41,30.56299641798438,43.661643181040006,3,3,229
2023-04-19 17:14:53.803518,17,41,21.892151275053767,48.603368049823885,3,3,374
2023-04-19 17:14:53.803518,48,42,16.943891219740078,58.11837697843164,4,2,333
2023-04-19 17:14:53.803518,20,4,18.605393124472908,38.27705131475928,2,1,246
2023-04-19 17:14:53.803518,13,31,13.992508594917075,55.05331096434211,4,3,154
2023-04-19 17:14:53.803518,4,16,17.515879421475073,49.49639830894085,4,2,354
2023-04-19 17:14:53.803518,4,39,26.840385709710763,37.95737863448744,3,4,115
2023-04-19 17:14:53.803518,42,46,21.086877507816386,43.4355848519101,3,1,215
2023-04-19 17:14:53.803518,38,19,16.883669206600946,34.535084555224074,1,4,270
2023-04-19 17:14:53.803518,29,10,22.643693598197817,63.81653319737125,1,1,370
2023-04-19 17:14:53.803518,7,1,15.845597323720458,52.14719207034688,4,1,339
2023-04-19 17:14:53.803518,21,34,15.442666086271137,32.80772657971167,2,1,20
2023-04-19 17:14:53.803518,27,36,28.005522439630894,61.09933952769269,1,1,86
2023-04-19 17:14:53.803518,47,49,9.134586340606145,34.321127600929444,2,1,181
2023-04-19 17:14:53.803518,4,1,19.09091624787174,39.11527057040664,3,3,34
2023-04-19 17:14:53.803518,9,6,24.873494668109274,54.604786137161994,4,3,70
2023-04-19 17:14:53.803518,20,18,21.67352359041003,51.520701086953125,1,4,97
2023-04-19 17:14:53.803518,30,7,13.355903773941677,37.575965161875786,3,4,478
2023-04-19 17:14:53.803518,19,41,15.347300828366347,64.94907136942543,4,3,417
2023-04-19 17:14:53.803518,17,16,29.731916987816618,70.74671879544988,2,3,389
2023-04-19 17:14:53.803518,44,25,18.852321704650752,40.080992199482495,3,2,280
2023-04-19 17:14:53.803518,41,0,19.49110505586442,33.206507674750625,3,2,224
2023-04-19 17:14:53.803518,24,16,23.77450228395306,39.2519577395731,1,3,0
2023-04-19 17:14:53.803518,12,36,18.396189453210276,31.96483407917793,3,2,130
2023-04-19 17:14:53.803518,28,14,20.918447253300528,40.333068062660075,1,1,267
2023-04-19 17:14:53.803518,5,15,25.40620743555979,61.18922354950837,1,2,23
2023-04-19 17:14:53.803518,35,11,16.174361427383026,73.39200825074201,1,2,157
2023-04-19 17:14:53.803518,10,41,14.417042293921313,51.84999716795149,3,2,334
2023-04-19 17:14:53.803518,1,12,25.452379958747443,49.716243182693944,4,4,436
2023-04-19 17:14:53.803518,32,29,16.896499814483274,48.50703300119181,4,4,280
2023-04-19 17:14:53.803518,22,37,17.140511241233693,43.79820601490859,4,3,184
2023-04-19 17:14:53.803518,48,13,19.89908014381589,34.34188487083527,2,1,404
2023-04-19 17:14:53.803518,29,17,16.591130357054475,47.823536332051354,2,3,55
2023-04-19 17:14:53.803518,34,15,15.80733497407895,56.857351598492755,3,2,29
2023-04-19 17:14:53.803518,44,42,21.292715703933347,39.31693607640116,3,4,49
2023-04-19 17:14:53.803518,44,37,31.235307019656812,55.254104505951666,1,3,172
2023-04-19 17:14:53.803518,15,45,17.316498656376897,45.522776530653815,2,2,221
2023-04-19 17:14:53.803518,43,32,15.94253084129733,57.764262107431406,3,4,483
2023-04-19 17:14:53.803518,49,3,17.965765037537928,44.35766561876716,4,2,295
2023-04-19 17:14:53.803518,13,4,26.642278922524408,53.94859884987531,4,1,284
2023-04-19 17:14:53.803518,46,23,29.12425350205624,59.31602304295018,1,3,205
2023-04-19 17:14:53.803518,30,45,20.944905796226724,61.40451054541261,4,3,237
2023-04-19 17:14:53.803518,44,36,22.364593396884096,57.456160208504144,1,3,321
2023-04-19 17:14:53.803518,35,36,27.937001983899467,52.56446474743081,4,3,465
2023-04-19 17:14:53.803518,47,40,17.583457458937733,61.377907913757504,3,3,89
2023-04-19 17:14:53.803518,40,48,15.514153136301072,61.423545815849096,3,4,451
2023-04-19 17:14:53.803518,3,38,22.20020091070217,56.35903831021042,2,1,18
2023-04-19 17:14:53.803518,44,29,21.18629945715679,53.03003560497288,1,2,201
2023-04-19 17:14:53.803518,36,0,17.273229436874324,58.130047171839365,4,2,283
2023-04-19 17:14:53.803518,44,2,20.826835296770597,46.54479025729691,2,2,99
2023-04-19 17:14:53.803518,10,22,28.652623153570723,34.442137247336184,1,2,404
2023-04-19 17:14:53.803518,37,37,17.04199545594635,48.81874526478595,4,3,155
2023-04-19 17:14:53.803518,8,25,15.003355582190608,40.76694405063656,3,1,315
2023-04-19 17:14:53.803518,40,0,20.377897290149487,42.094855042114496,2,2,356
2023-04-19 17:14:53.803518,38,41,18.371296261880104,54.76344503081439,1,1,225
2023-04-19 17:14:53.803518,8,17,22.278655374789103,52.18940226409906,3,1,391
2023-04-19 17:14:53.803518,46,6,23.799512722417813,35.146376845593,3,2,259
2023-04-19 17:14:53.803518,0,40,12.430326652259465,48.39353825539431,4,2,413
2023-04-19 17:14:53.803518,48,18,24.841843165801002,48.44226724125429,4,3,414
2023-04-19 17:14:53.803518,37,44,18.861871224255946,58.93480139917692,1,3,439
2023-04-19 17:14:53.803518,39,12,17.807029229696475,52.79645061830094,4,3,362
2023-04-19 17:14:53.803518,17,23,24.51823866963207,41.494390376463826,1,2,420
2023-04-19 17:14:53.803518,19,8,24.421024184156167,65.75227029215424,2,1,476
2023-04-19 17:14:53.803518,26,40,21.409713015977662,44.680089157031595,4,1,277
2023-04-19 17:14:53.803518,43,46,17.371084265141437,71.24418445824675,2,4,409
2023-04-19 17:14:53.803518,6,48,35.25702080547544,40.88367782195315,3,4,194
2023-04-19 17:14:53.803518,32,2,17.191769649659086,64.44574941594132,3,4,185
2023-04-19 17:14:53.803518,13,25,15.365577795724162,46.89727223275796,4,4,330
2023-04-19 17:14:53.803518,26,9,20.2653502984897,20.626855543080566,1,1,470
2023-04-19 17:14:53.803518,28,1,19.619595935625885,48.68750195510116,3,1,368
2023-04-19 17:14:53.803518,10,11,28.671307052536385,58.13464716794844,2,4,466
2023-04-19 17:14:53.803518,1,3,25.751408536213205,49.8931571813033,3,3,339
2023-04-19 17:14:53.803518,15,5,24.142891555894305,42.262563588407815,2,4,461
2023-04-19 17:14:53.803518,19,13,23.004336896443625,49.63480657043454,1,4,236
2023-04-19 17:14:53.803518,17,5,28.072835925867686,71.87976497189855,3,4,35
2023-04-19 17:14:53.803518,18,43,29.46382495733897,37.16515394980297,1,2,481
2023-04-19 17:14:53.803518,29,13,23.735671149752907,55.06363030533055,3,4,33
2023-04-19 17:14:53.803518,24,46,23.70795780928728,46.50696830101912,1,3,335
2023-04-19 17:14:53.803518,30,32,30.214694801038846,62.323651570845904,2,4,222
2023-04-19 17:14:53.803518,45,20,15.264148039528774,37.99149884388342,3,1,297
2023-04-19 17:14:53.803518,15,43,24.29829410686637,43.457993896996186,1,2,240
2023-04-19 17:14:53.803518,41,49,13.987503072267629,53.20396150877872,2,1,188
2023-04-19 17:14:53.803518,28,5,26.504278695973063,40.43512983584237,1,4,174
2023-04-19 17:14:53.803518,18,37,24.651447093113205,43.71869201773889,1,3,46
2023-04-19 17:14:53.803518,17,34,6.097284068390403,41.82642304750688,3,3,70
2023-04-19 17:14:53.803518,7,11,17.376296745176056,52.01598526996819,1,3,422
2023-04-19 17:14:53.803518,10,23,19.74784480107329,62.24515700187814,4,4,111
2023-04-19 17:14:53.803518,45,20,15.052925006430403,60.73873547046459,2,3,460
2023-04-19 17:14:53.803518,29,13,16.61587991156158,53.37068262599833,2,2,452
2023-04-19 17:14:53.803518,3,6,19.99849976787014,41.960335091742586,4,2,84
2023-04-19 17:14:53.803518,19,4,18.005369980136944,55.77939563399618,4,1,116
2023-04-19 17:14:53.803518,17,11,30.883157775232924,39.69432057908679,3,1,295
2023-04-19 17:14:53.803518,45,25,23.464254977631917,67.27950392102201,2,1,207
2023-04-19 17:14:53.803518,0,34,18.084937018126755,58.96921087112647,4,3,189
2023-04-19 17:14:53.803518,37,31,21.404117603694857,60.562747781538235,2,3,71
2023-04-19 17:14:53.803518,19,34,20.206104570696823,47.70572289762286,1,4,478
2023-04-19 17:14:53.803518,17,46,14.979818126803771,55.661768650385355,4,1,56
2023-04-19 17:14:53.803518,35,10,15.896333904184859,50.01904555229228,1,3,204
2023-04-19 17:14:53.803518,25,24,28.440594419683556,65.09176622985896,2,2,86
2023-04-19 17:14:53.803518,31,11,18.00369784516584,36.25850720490397,3,2,495
2023-04-19 17:14:53.803518,40,46,20.35002367820143,40.76153901107821,3,3,187
2023-04-19 17:14:53.803518,18,30,17.27461730185555,52.28620622437688,2,3,459
2023-04-19 17:14:53.803518,46,45,24.96828152176419,35.02407488598821,4,4,152
2023-04-19 17:14:53.803518,3,45,16.770186668888396,52.92978391674429,2,2,413
2023-04-19 17:14:53.803518,0,44,6.736619647593889,67.32857651149286,4,2,99
2023-04-19 17:14:53.803518,43,38,20.875762900719003,39.60425283572115,4,4,311
2023-04-19 17:14:53.803518,0,19,11.885738511668455,66.84205536346757,3,3,272
2023-04-19 17:14:53.803518,30,30,20.380385180088027,42.2187644189217,2,1,243
2023-04-19 17:14:53.803518,0,24,17.52097974357434,24.220397636287853,2,2,407
2023-04-19 17:14:53.803518,37,5,12.16272879745808,49.031665440413946,2,2,135
2023-04-19 17:14:53.803518,24,32,21.44172225062236,53.14609094049422,2,2,461
2023-04-19 17:14:53.803518,36,18,26.87961629345655,44.30176285343463,2,1,127
2023-04-19 17:14:53.803518,7,32,18.462800790181927,46.800577120970495,2,3,354
2023-04-19 17:14:53.803518,10,29,24.272148463530925,31.797756911438498,2,3,396
2023-04-19 17:14:53.803518,0,6,18.65935166573196,32.29356980385697,2,1,95
2023-04-19 17:14:53.803518,2,45,12.644863490265983,45.61163284244711,4,4,62
2023-04-19 17:14:53.803518,40,33,22.28606038432061,49.696602187157445,1,3,205
2023-04-19 17:14:53.803518,3,32,21.776728888731174,49.934705125875965,3,1,465
2023-04-19 17:14:53.803518,7,29,10.572801015207672,46.86493708815104,3,1,242
2023-04-19 17:14:53.803518,35,41,22.053154865810985,46.66244129398383,2,4,293
2023-04-19 17:14:53.803518,43,24,21.945298723945925,39.53936969283776,2,4,259
2023-04-19 17:14:53.803518,24,33,17.796321337354648,58.84970037767745,4,1,162
2023-04-19 17:14:53.803518,13,44,22.293249974923064,54.49724771178844,4,4,472
2023-04-19 17:14:53.803518,23,7,15.494778107925224,52.69540763753356,2,1,274
2023-04-19 17:14:53.803518,15,12,22.51433933967808,54.25697988189401,2,3,312
2023-04-19 17:14:53.803518,33,4,14.985855039778372,33.62870040705195,1,2,157
2023-04-19 17:14:53.803518,27,40,23.086524766489298,48.29490982201401,1,4,419
2023-04-19 17:14:53.803518,39,34,18.13176373764142,42.00652690412095,3,1,416
2023-04-19 17:14:53.803518,43,32,16.592545993976366,51.51629148428672,4,1,48
2023-04-19 17:14:53.803518,46,12,24.490236020836086,54.117311066655745,1,4,112
2023-04-19 17:14:53.803518,10,24,19.17965429356014,29.403137734478776,2,1,256
2023-04-19 17:14:53.803518,5,33,21.57239323232581,47.027875697362354,3,4,230
2023-04-19 17:14:53.803518,7,42,14.889539841256216,28.019816393546463,2,3,31
2023-04-19 17:14:53.803518,33,47,19.49606059047694,48.77986635431126,1,3,135
2023-04-19 17:14:53.803518,39,16,24.177105508815732,54.55413705844962,3,1,470
2023-04-19 17:14:53.803518,19,5,22.420598754707147,44.73429195128362,4,3,373
2023-04-19 17:14:53.803518,41,32,18.679936255956424,47.363976947968226,1,4,345
2023-04-19 17:14:53.803518,41,15,18.495996784788762,49.58505099920897,1,1,245
2023-04-19 17:14:53.803518,27,29,24.426698338154278,57.20547883649013,4,4,89
2023-04-19 17:14:53.803518,49,42,19.176917414642016,53.3530601105043,1,1,172
2023-04-19 17:14:53.803518,42,46,19.584926142836586,23.06857225780623,2,4,227
2023-04-19 17:14:53.803518,22,41,26.24475375320022,42.74170473216883,1,3,320
2023-04-19 17:14:53.803518,44,42,20.224313016579977,69.43114185536331,4,1,87
2023-04-19 17:14:53.803518,48,6,20.78086176740885,51.17059053787748,4,1,423
2023-04-19 17:14:53.803518,16,4,18.4327489189206,52.17064982941387,1,4,385
2023-04-19 17:14:53.803518,31,35,26.547044218652097,55.422149263328095,3,3,412
2023-04-19 17:14:53.803518,40,5,20.738033354939923,49.84579749075689,2,1,311
2023-04-19 17:14:53.803518,13,9,29.071168168896328,42.61856920695365,4,2,491
2023-04-19 17:14:53.803518,42,13,23.025410128682264,54.727023892706946,4,1,162
2023-04-19 17:14:53.803518,45,6,14.536905606083758,56.39388244709848,3,1,97
2023-04-19 17:14:53.803518,28,44,18.88006201311802,72.19121527375303,3,1,356
2023-04-19 17:14:53.803518,34,8,17.143545174976573,60.507362528330084,1,4,294
2023-04-19 17:14:53.803518,19,44,21.63928808358442,30.004896608277175,2,1,415
2023-04-19 17:14:53.803518,38,47,16.00661687291661,48.837800964682806,1,4,297
2023-04-19 17:14:53.803518,45,7,17.96116996128599,41.057416847726614,2,2,259
2023-04-19 17:14:53.803518,40,28,26.723399459474408,33.99361228902073,1,3,430
2023-04-19 17:14:53.803518,43,18,23.00046188946996,50.82282087972642,1,2,452
2023-04-19 17:14:53.803518,46,24,23.470867477467984,33.53481799058297,2,2,224
2023-04-19 17:14:53.803518,25,6,22.919616595368087,57.16262345184936,2,4,384
2023-04-19 17:14:53.803518,8,12,13.384408269715804,44.492499083345315,3,2,325
2023-04-19 17:14:53.803518,33,47,22.62042927826462,56.25782210653135,1,4,285
2023-04-19 17:14:53.803518,37,16,15.379978023245627,43.132501283326505,1,4,375
2023-04-19 17:14:53.803518,18,40,28.23969642004348,28.447688068363803,2,4,499
2023-04-19 17:14:53.803518,23,28,18.831196831201428,58.4030788666564,2,1,45
2023-04-19 17:14:53.803518,19,1,22.442097228274314,37.91964011657011,1,1,209
2023-04-19 17:14:53.803518,11,34,19.4645338550627,48.289505362872724,3,2,418
2023-04-19 17:14:53.803518,3,31,10.514132327704328,56.9466155027282,2,1,18
2023-04-19 17:14:53.803518,14,33,19.559453874045865,41.83304905765385,2,1,330
2023-04-19 17:14:53.803518,24,28,23.660962469997607,39.96625556277152,3,1,387
2023-04-19 17:14:53.803518,8,13,16.51362118200081,55.70566106775597,4,3,173
2023-04-19 17:14:53.803518,36,9,24.079016182468003,65.86335635315658,2,3,149
2023-04-19 17:14:53.803518,0,33,18.72671352310703,60.021038829233426,1,4,171
2023-04-19 17:14:53.803518,43,38,26.79359705686382,37.833027447706364,2,2,178
2023-04-19 17:14:53.803518,21,13,12.894142626265536,58.31013821590684,4,2,397
2023-04-19 17:14:53.803518,39,34,25.847734163049388,51.15340636865152,3,4,65
2023-04-19 17:14:53.803518,35,19,17.412076224127077,54.57860592459762,3,3,471
2023-04-19 17:14:53.803518,47,38,22.14187155973397,39.442460910981886,3,1,69
2023-04-19 17:14:53.803518,47,5,24.73794786524671,42.102022205339715,3,4,170
2023-04-19 17:14:53.803518,42,30,29.859438548889507,41.46468659938293,2,3,24
2023-04-19 17:14:53.803518,44,25,16.65112050273907,49.44983371774271,4,4,135
2023-04-19 17:14:53.803518,19,48,24.648099269432308,71.70915346124102,1,3,260
2023-04-19 17:14:53.803518,22,10,23.98507559912211,34.37107648907868,1,2,19
2023-04-19 17:14:53.803518,49,47,25.087808244080634,50.2705798635678,4,4,413
2023-04-19 17:14:53.803518,28,4,24.88755766536189,57.5982846427321,3,4,128
2023-04-19 17:14:53.803518,31,4,14.968301126109662,49.65053083184387,2,1,280
2023-04-19 17:14:53.803518,13,32,12.05114013812602,65.58732535975376,3,4,278
2023-04-19 17:14:53.803518,26,31,19.12007741280361,37.40664979307704,4,2,86
2023-04-19 17:14:53.803518,22,2,15.539250696538522,40.54956801600041,1,4,388
2023-04-19 17:14:53.803518,35,10,27.787652448768014,48.04453531936145,3,2,107
2023-04-19 17:14:53.803518,35,17,23.25507992058218,46.61110940887145,2,1,239
2023-04-19 17:14:53.803518,22,10,27.66512878379924,67.49925533529847,3,3,91
2023-04-19 17:14:53.803518,14,15,29.82621335583269,69.43025702837872,2,1,113
2023-04-19 17:14:53.803518,49,27,17.402230909133387,32.84450286270705,4,2,378
2023-04-19 17:14:53.803518,5,15,11.529367561613167,51.59065896759817,2,2,74
2023-04-19 17:14:53.803518,28,13,26.80676292409282,55.14582437766194,1,2,229
2023-04-19 17:14:53.803518,37,16,17.576438442729565,33.154450380151545,3,4,21
2023-04-19 17:14:53.803518,12,46,18.881179655901352,55.12437851254297,1,2,159
2023-04-19 17:14:53.803518,16,21,20.721669507496834,42.458395352809745,3,2,290
2023-04-19 17:14:53.803518,12,41,23.06335074416298,42.03629315595562,3,2,329
2023-04-19 17:14:53.803518,14,41,25.67361866463061,25.938206124975444,1,2,229
2023-04-19 17:14:53.803518,32,49,19.686166730429697,52.46172105150441,4,1,91
2023-04-19 17:14:53.803518,21,20,12.24643020746439,49.454274304285356,3,3,6
2023-04-19 17:14:53.803518,9,13,20.771354867573272,56.58395573542934,3,4,348
2023-04-19 17:14:53.803518,32,6,17.645139178014084,57.35130235299736,2,4,218
2023-04-19 17:14:53.803518,48,14,23.62302805984967,29.689852898227297,3,3,60
2023-04-19 17:14:53.803518,15,3,21.7627093368927,49.66477342141393,4,1,495
2023-04-19 17:14:53.803518,49,46,24.021399094129485,49.42819994896389,2,3,156
2023-04-19 17:14:53.803518,48,23,21.30867237152655,61.07251207790537,4,2,396
2023-04-19 17:14:53.803518,13,32,16.262475489677612,40.69982494980438,2,3,221
2023-04-19 17:14:53.803518,2,37,11.900524152079724,65.86431665010788,1,1,183
2023-04-19 17:14:53.803518,17,49,20.74349162416224,62.546269790118494,1,4,281
2023-04-19 17:14:53.803518,21,12,21.571719856363988,50.653650751725856,1,4,315
2023-04-19 17:14:53.803518,28,24,23.361963167071004,48.337065391315654,2,2,135
2023-04-19 17:14:53.803518,42,5,20.659441182326916,38.54988669635359,1,1,207
2023-04-19 17:14:53.803518,40,22,19.59667723263519,55.47397773455245,3,1,490
2023-04-19 17:14:53.803518,6,22,19.149074046003282,57.41913148025511,3,3,26
2023-04-19 17:14:53.803518,43,41,26.075185403879207,54.080164134648236,4,3,135
2023-04-19 17:14:53.803518,11,2,15.121402600113157,50.35318800655192,3,2,400
2023-04-19 17:14:53.803518,2,9,21.50702559283332,61.454302005610785,2,4,175
2023-04-19 17:14:53.803518,3,47,13.55551568038651,48.369769581528956,3,3,108
2023-04-19 17:14:53.803518,13,10,20.578927372642113,38.06625808797878,2,3,438
2023-04-19 17:14:53.803518,31,38,14.477599884013003,79.89238793209759,1,1,141
2023-04-19 17:14:53.803518,7,34,23.381028111282504,54.219578538306685,2,4,296
2023-04-19 17:14:53.803518,23,41,16.343734946251022,36.37796003044303,4,4,48
2023-04-19 17:14:53.803518,25,46,18.15789691578546,39.37329488210757,4,2,242
2023-04-19 17:14:53.803518,17,36,24.64880651937607,38.04749315982912,3,4,394
2023-04-19 17:14:53.803518,39,23,12.124787300510667,39.05148931318585,3,4,18
2023-04-19 17:14:53.803518,21,27,18.674886325663735,55.48504917017978,2,2,451
2023-04-19 17:14:53.803518,40,14,15.984577938098578,47.00822312877217,1,1,149
2023-04-19 17:14:53.803518,0,38,17.304847952808352,48.94993066213822,1,3,50
2023-04-19 17:14:53.803518,47,45,18.5109401425917,54.77792302976468,1,1,370
2023-04-19 17:14:53.803518,18,9,18.80404020958614,55.22795506068356,4,2,197
2023-04-19 17:14:53.803518,29,6,23.855940500009797,41.445806276277395,4,3,450
2023-04-19 17:14:53.803518,14,9,22.953181498127076,54.07527169658113,2,1,284
2023-04-19 17:14:53.803518,47,43,9.415089399142742,44.888866719236354,4,2,275
2023-04-19 17:14:53.803518,16,20,22.015906185615403,33.51131987149685,1,2,446
2023-04-19 17:14:53.803518,5,48,23.259954923754854,49.531076886765355,2,1,197
2023-04-19 17:14:53.803518,49,6,12.388435908900636,57.82108982035537,4,1,294
2023-04-19 17:14:53.803518,42,10,21.628337253036815,52.08905229708308,4,4,22
2023-04-19 17:14:53.803518,19,25,24.167979785955733,34.6720499570223,3,4,223
2023-04-19 17:14:53.803518,36,31,18.50923705096779,72.03951659579167,2,1,299
2023-04-19 17:14:53.803518,40,48,11.136371855045917,22.819343830730826,2,3,187
2023-04-19 17:14:53.803518,29,38,18.454248324498938,42.72752107912047,4,2,474
2023-04-19 17:14:53.803518,49,2,21.946822483108114,44.05617616684312,4,1,65
2023-04-19 17:14:53.803518,28,49,12.900369601115184,29.69945287157126,1,1,232
2023-04-19 17:14:53.803518,41,34,27.123706915063135,50.083960032731106,3,4,399
2023-04-19 17:14:53.803518,49,44,23.151301239998993,55.434581209872874,2,4,128
2023-04-19 17:14:53.803518,48,21,18.6682144418739,44.87735648404183,2,2,419
2023-04-19 17:14:53.803518,12,3,21.81923742417485,37.63864056857609,4,2,51
2023-04-19 17:14:53.803518,24,46,16.23538586382764,66.43992181446248,3,2,258
2023-04-19 17:14:53.803518,7,32,13.92319087321507,42.28111749383907,1,1,461
2023-04-19 17:14:53.803518,11,37,16.351052855676798,46.98959632349177,1,2,347
2023-04-19 17:14:53.803518,30,19,20.578423477720317,46.5367435346962,4,1,91
2023-04-19 17:14:53.803518,46,3,18.082556552067643,39.71094446289833,2,3,469
2023-04-19 17:14:53.803518,45,49,11.354764822057087,47.86249293386304,4,2,33
2023-04-19 17:14:53.803518,10,24,20.530579934637938,52.98192010064063,4,3,196
2023-04-19 17:14:53.803518,37,24,17.67447330012234,33.80541619247209,2,3,449
2023-04-19 17:14:53.803518,4,44,21.077358778883156,37.50736820864926,3,1,449
2023-04-19 17:14:53.803518,34,32,26.624068675765187,67.18508459567019,4,3,279
2023-04-19 17:14:53.803518,9,4,14.205791924955014,63.56821726206607,1,2,36
2023-04-19 17:14:53.803518,10,43,22.146507949432447,53.46863253273176,1,3,213
2023-04-19 17:14:53.803518,17,44,16.836729640550793,49.68100593336897,1,1,181
2023-04-19 17:14:53.803518,6,40,18.43863136515299,56.12752731787496,1,2,441
2023-04-19 17:14:53.803518,38,33,12.361720334445746,43.353224695310004,4,3,169
2023-04-19 17:14:53.803518,47,34,20.678410768309746,55.71121284155945,4,4,74
2023-04-19 17:14:53.803518,40,17,17.93916213980519,42.59896601783507,3,1,385
2023-04-19 17:14:53.803518,21,46,18.935306950241507,50.31939849402393,1,3,256
2023-04-19 17:14:53.803518,5,39,16.62416756018486,62.0374007420207,3,4,50
2023-04-19 17:14:53.803518,41,8,25.439458733229223,53.730688832995206,3,3,91
2023-04-19 17:14:53.803518,27,2,24.772262017501138,62.156501830007386,1,1,431
2023-04-19 17:14:53.803518,28,37,9.098478606625859,50.69587382111545,1,2,491
2023-04-19 17:14:53.803518,41,27,29.384159961115877,32.7292572720487,4,4,39
2023-04-19 17:14:53.803518,25,10,10.455103307912436,40.685784309115924,3,1,16
2023-04-19 17:14:53.803518,43,23,20.23701431388481,68.85226776382382,1,4,366
2023-04-19 17:14:53.803518,47,4,16.522962954662198,54.41869583144283,2,4,374
2023-04-19 17:14:53.803518,5,16,21.45889276220084,50.66126484168782,3,1,329
2023-04-19 17:14:53.803518,25,23,23.99197027985351,20.475035883235964,3,1,273
2023-04-19 17:14:53.803518,27,17,18.42936809253103,59.45332020335511,3,3,99
2023-04-19 17:14:53.803518,4,15,12.753981791363962,50.27943354092833,4,4,242
2023-04-19 17:14:53.803518,5,38,20.557570956559104,59.435087423187284,3,1,310
2023-04-19 17:14:53.803518,28,9,19.807571475562394,37.734823533374424,4,1,456
2023-04-19 17:14:53.803518,43,30,14.462088565205404,41.538078418300856,4,2,272
2023-04-19 17:14:53.803518,8,49,23.877822845092084,53.136609719093144,1,3,180
2023-04-19 17:14:53.803518,3,5,22.809494813203695,44.503111533988225,1,1,29
2023-04-19 17:14:53.803518,23,12,13.475663456972406,57.69083187000472,1,2,487
2023-04-19 17:14:53.803518,2,3,13.418372949656728,39.05339994285351,1,3,229
2023-04-19 17:14:53.803518,24,49,18.939205617412462,55.785513968039965,1,3,271
2023-04-19 17:14:53.803518,8,26,21.583252030574684,47.81241491181603,4,2,26
2023-04-19 17:14:53.803518,24,44,26.275809024011526,42.0972652681067,4,3,442
2023-04-19 17:14:53.803518,20,36,20.712007036595967,48.500762435674176,3,2,16
2023-04-19 17:14:53.803518,3,24,20.541283275624505,49.34996294984847,2,4,450
2023-04-19 17:14:53.803518,30,11,20.48722796500546,70.72789287611415,4,3,233
2023-04-19 17:14:53.803518,20,2,17.155217426491696,62.15894863265175,3,1,362
2023-04-19 17:14:53.803518,2,44,17.534623364969384,48.00301253371475,1,2,101
2023-04-19 17:14:53.803518,8,7,19.67405560386216,44.99129315173358,2,4,465
2023-04-19 17:14:53.803518,25,16,18.8479288575931,49.34194584835187,1,3,229
2023-04-19 17:14:53.803518,18,8,12.546803137376699,56.52384522768957,2,3,218
2023-04-19 17:14:53.803518,33,49,35.76112647893268,62.90120337792885,3,2,284
2023-04-19 17:14:53.803518,16,34,13.704224066184995,52.14487197392929,2,2,417
2023-04-19 17:14:53.803518,10,32,19.391701607565004,50.97137994043002,4,4,486
2023-04-19 17:14:53.803518,35,27,31.613372219021013,35.53652775484608,4,1,345
2023-04-19 17:14:53.803518,1,6,23.36210150817135,48.369738238757904,4,3,438
2023-04-19 17:14:53.803518,36,41,16.78413419007767,48.00374426879711,1,2,446
2023-04-19 17:14:53.803518,10,40,22.016471895947955,52.994597716125114,4,2,198
2023-04-19 17:14:53.803518,9,18,26.662023032021686,46.96272874314056,1,2,405
2023-04-19 17:14:53.803518,37,17,21.133456148597308,56.735264237283815,3,4,483
2023-04-19 17:14:53.803518,24,40,17.976988274236895,58.836510808783856,3,4,50
2023-04-19 17:14:53.803518,14,13,18.24588903662198,61.69389217751939,1,1,150
2023-04-19 17:14:53.803518,12,34,17.610052596694388,50.805645590303875,1,2,285
2023-04-19 17:14:53.803518,3,31,16.862987495660384,60.53712705776643,1,2,252
2023-04-19 17:14:53.803518,46,48,17.876065151628165,38.31044769419966,4,4,300
2023-04-19 17:14:53.803518,43,0,16.679711244217472,39.782212990024846,4,4,459
2023-04-19 17:14:53.803518,37,12,13.594697371643488,46.670432112907356,1,1,379
2023-04-19 17:14:53.803518,13,41,16.961393721727458,52.10821709073122,1,3,351
2023-04-19 17:14:53.803518,10,30,26.678553978504766,34.093222585400525,4,4,450
2023-04-19 17:14:53.803518,23,43,15.285738143088325,49.00846518320234,2,4,163
2023-04-19 17:14:53.803518,47,47,28.018508751035725,43.76466564456297,1,2,85
2023-04-19 17:14:53.803518,3,39,24.211595017924726,39.47843099562991,1,1,491
2023-04-19 17:14:53.803518,28,3,14.110445700535575,48.51890095009455,1,4,7
2023-04-19 17:14:53.803518,15,25,19.16157039337941,49.46180550264654,3,2,145
2023-04-19 17:14:53.803518,42,43,13.209518801353553,52.26030086074905,2,1,141
2023-04-19 17:14:53.803518,4,45,24.89278246933494,56.36841887625802,3,2,303
2023-04-19 17:14:53.803518,28,46,20.50266902281321,25.38433244544241,1,4,39
2023-04-19 17:14:53.803518,20,0,24.186752956656107,39.600297723960644,2,2,383
2023-04-19 17:14:53.803518,18,39,17.266647918588404,46.34585737227452,3,4,369
2023-04-19 17:14:53.803518,24,2,19.166821098662105,64.88872320471202,1,1,214
2023-04-19 17:14:53.803518,34,39,14.628694615478643,53.96955483398409,2,3,136
2023-04-19 17:14:53.803518,49,47,25.939661279141497,47.403630382492985,4,3,70
2023-04-19 17:14:53.803518,16,8,16.42343435361307,54.953299015085506,1,4,425
2023-04-19 17:14:53.803518,20,18,24.113186527708727,36.669039330425235,3,4,303
2023-04-19 17:14:53.803518,4,13,23.504237366970262,44.54290034449813,3,4,67
2023-04-19 17:14:53.803518,31,2,24.628574082575984,40.8664083514935,4,3,257
2023-04-19 17:14:53.803518,48,30,16.085421245753707,47.61628020195351,3,4,223
2023-04-19 17:14:53.803518,11,8,17.204696448449045,47.40709504987265,3,1,219
2023-04-19 17:14:53.803518,43,7,18.14952750815256,44.448394415658356,3,1,360
2023-04-19 17:14:53.803518,12,23,19.067563750215168,58.601976406290085,4,2,342
2023-04-19 17:14:53.803518,49,42,15.972708839843929,44.633918250018255,3,1,38
2023-04-19 17:14:53.803518,21,5,24.8687143915678,60.92550600577903,2,4,69
2023-04-19 17:14:53.803518,25,17,20.033511474380887,47.824263123986945,3,4,62
2023-04-19 17:14:53.803518,7,26,18.240612164903496,58.40036050307268,1,1,64
2023-04-19 17:14:53.803518,46,46,36.81111195663922,44.41051158825544,2,1,299
2023-04-19 17:14:53.803518,7,38,15.17646744518542,51.07472734771065,3,3,226
2023-04-19 17:14:53.803518,27,29,10.540215554421865,50.32223219626144,3,2,146
2023-04-19 17:14:53.803518,25,35,15.345462268597476,36.86591429797816,3,3,489
2023-04-19 17:14:53.803518,5,2,18.911821411233095,40.98463367376831,3,1,246
2023-04-19 17:14:53.803518,25,19,27.72824103739358,72.41911368119509,2,2,149
2023-04-19 17:14:53.803518,23,15,23.86945610110974,34.033133699639045,2,4,478
2023-04-19 17:14:53.803518,15,38,22.47396457832661,65.15531480071269,1,3,190
2023-04-19 17:14:53.803518,26,49,13.377959421246404,47.35937726122158,2,2,25
2023-04-19 17:14:53.803518,24,45,15.98369781231229,45.2525336373196,1,2,114
2023-04-19 17:14:53.803518,20,40,22.55939156420662,40.2330828468812,1,3,499
2023-04-19 17:14:53.803518,16,47,20.98753238107567,60.137792312879085,2,2,297
2023-04-19 17:14:53.803518,24,19,11.258900468744374,52.25433002166383,2,2,100
2023-04-19 17:14:53.803518,42,43,19.688351664930174,43.102138416509476,4,4,187
2023-04-19 17:14:53.803518,28,7,15.257357097269686,37.81517343726023,1,3,129
2023-04-19 17:14:53.803518,13,1,24.375864390331053,63.426919704164234,1,1,137
2023-04-19 17:14:53.803518,31,5,26.447057985561408,57.33990707424976,3,4,343
2023-04-19 17:14:53.803518,39,1,25.446370124977534,51.00072693130632,2,4,329
2023-04-19 17:14:53.803518,9,44,22.539331755432247,54.91513608672558,1,2,350
2023-04-19 17:14:53.803518,2,4,21.203119782424448,57.646892203176705,1,3,211
2023-04-19 17:14:53.803518,49,0,15.43448826418427,57.4287847166786,4,3,415
2023-04-19 17:14:53.803518,11,29,14.642566756952226,59.97157398065685,1,3,98
2023-04-19 17:14:53.803518,18,43,22.734925943842025,58.66308087007345,3,2,157
2023-04-19 17:14:53.803518,19,6,10.969394694024624,29.686018588544528,3,2,308
2023-04-19 17:14:53.803518,27,3,30.853719440460146,51.77216122864627,1,2,19
2023-04-19 17:14:53.803518,46,17,18.41342229843736,45.749967819403864,3,3,233
2023-04-19 17:14:53.803518,46,22,19.37253992999711,53.765212139375535,4,2,99
2023-04-19 17:14:53.803518,15,21,24.46558434699227,27.77592611524409,2,2,430
2023-04-19 17:14:53.803518,35,45,20.442109944245882,53.008748009636285,4,4,392
2023-04-19 17:14:53.803518,22,44,16.232960233023604,43.19995909358645,4,3,98
2023-04-19 17:14:53.803518,22,46,20.6951765762732,58.03281802668839,2,4,243
2023-04-19 17:14:53.803518,46,18,16.385368451664775,74.24403379900559,4,4,44
2023-04-19 17:14:53.803518,49,42,19.01776764513774,48.85484755433162,4,3,305
2023-04-19 17:14:53.803518,19,44,21.864943636421266,49.299152846088845,3,1,283
2023-04-19 17:14:53.803518,35,27,17.57822052808818,44.81537256685725,2,1,468
2023-04-19 17:14:53.803518,5,21,22.059614307031715,38.176908143770525,3,2,292
2023-04-19 17:14:53.803518,10,19,19.62265441109506,32.76542143271453,3,1,191
2023-04-19 17:14:53.803518,3,32,15.704350676230376,40.01507875757481,2,1,267
2023-04-19 17:14:53.803518,36,16,23.019685612856197,60.72683812234762,2,4,274
2023-04-19 17:14:53.803518,13,49,20.297453125116185,50.39276952653507,3,2,219
2023-04-19 17:14:53.803518,23,36,26.810982571455817,56.949091406200516,1,4,159
2023-04-19 17:14:53.803518,5,40,17.972118530991402,49.8083161453262,2,3,353
2023-04-19 17:14:53.803518,41,45,12.546752661152873,52.03566230770564,4,3,284
2023-04-19 17:14:53.803518,4,17,12.57886377548138,40.39257851680757,3,4,494
2023-04-19 17:14:53.803518,2,16,17.954440436767324,63.17506574286116,1,2,117
2023-04-19 17:14:53.803518,3,49,14.064112571230236,50.75800530927377,2,2,307
2023-04-19 17:14:53.803518,18,26,17.38428553690809,58.921199105819625,1,2,216
2023-04-19 17:14:53.803518,41,5,19.76446182556082,42.92958646709436,3,4,75
2023-04-19 17:14:53.803518,49,5,30.213912584320475,49.79742491893669,3,1,239
2023-04-19 17:14:53.803518,35,2,30.29775533139351,53.7045592109736,4,3,249
2023-04-19 17:14:53.803518,30,12,17.457832990289553,51.967858801910964,4,1,104
2023-04-19 17:14:53.803518,36,46,25.239063431414948,37.84721463815025,1,4,493
2023-04-19 17:14:53.803518,34,48,17.241793005044954,53.82047514729846,4,1,414
2023-04-19 17:14:53.803518,39,44,25.979796140699094,46.003758319110325,4,2,239
2023-04-19 17:14:53.803518,37,42,23.36621670317933,40.271421115224456,2,2,157
2023-04-19 17:14:53.803518,7,26,13.289481348877786,50.543414508102536,2,4,308
2023-04-19 17:14:53.803518,8,7,18.603514314252415,44.74058753006616,3,3,408
2023-04-19 17:14:53.803518,34,6,24.529455388698626,70.36281261844292,2,4,413
2023-04-19 17:14:53.803518,9,19,19.798604273032502,40.103461333188775,4,1,453
2023-04-19 17:14:53.803518,19,40,18.12546747567394,51.140172223358334,3,1,52
2023-04-19 17:14:53.803518,12,43,13.97404053842024,48.546970003652746,1,3,408
2023-04-19 17:14:53.803518,6,11,19.23086910057544,40.72639572415139,2,4,90
2023-04-19 17:14:53.803518,11,31,26.21891452402899,46.29594590410746,3,3,264
2023-04-19 17:14:53.803518,43,2,20.310320598622074,29.04370299363687,2,1,425
2023-04-19 17:14:53.803518,24,43,16.53608220764693,71.99153159341984,1,2,275
2023-04-19 17:14:53.803518,9,8,15.172174163066488,72.6792221468207,2,1,403
2023-04-19 17:14:53.803518,9,29,17.691114011757705,48.0453668324627,2,1,17
2023-04-19 17:14:53.803518,21,29,20.100262701082002,41.99919279966574,3,1,338
2023-04-19 17:14:53.803518,4,34,18.23373548424647,55.31349787615663,2,3,315
2023-04-19 17:14:53.803518,22,44,20.78143399877128,37.58344596307494,2,3,448
2023-04-19 17:14:53.803518,1,40,17.277158888097166,52.28439314023771,2,1,440
2023-04-19 17:14:53.803518,48,12,22.600111486777898,62.75998024864792,4,2,88
2023-04-19 17:14:53.803518,2,1,22.621254260088826,45.61334725475186,2,2,401
2023-04-19 17:14:53.803518,36,35,20.622577550912148,35.7158696448503,1,3,193
2023-04-19 17:14:53.803518,13,37,24.459417827283513,47.67619865416235,4,1,249
2023-04-19 17:14:53.803518,3,4,23.804942244140605,73.92708000056108,3,3,324
2023-04-19 17:14:53.803518,24,37,20.05672724084053,61.57535180942461,3,4,299
2023-04-19 17:14:53.803518,47,44,15.331555405469889,56.86468654390423,4,1,74
2023-04-19 17:14:53.803518,4,0,14.560339082402056,38.24211874298635,4,3,375
2023-04-19 17:14:53.803518,48,9,21.424764291843772,45.63920002445791,1,2,451
2023-04-19 17:14:53.803518,8,30,21.380297199155184,49.972941948564674,1,3,67
2023-04-19 17:14:53.803518,5,20,21.18770951734473,48.31612810022797,1,1,199
2023-04-19 17:14:53.803518,28,17,18.167564027640367,52.31830077224172,3,4,352
2023-04-19 17:14:53.803518,39,36,15.265095517123957,65.82360620418132,4,4,75
2023-04-19 17:14:53.803518,37,1,21.438185473915475,45.83451870565564,4,4,30
2023-04-19 17:14:53.803518,13,5,14.102506064005773,50.98157932194063,4,1,451
2023-04-19 17:14:53.803518,21,23,21.92436869130656,40.31324207037661,2,1,322
2023-04-19 17:14:53.803518,45,7,18.58496226632259,48.78465589927059,2,1,159
2023-04-19 17:14:53.803518,21,7,15.974682120605234,43.675356392757735,1,1,421
2023-04-19 17:14:53.803518,26,49,19.337162562036568,66.80998462076752,1,4,229
2023-04-19 17:14:53.803518,3,4,12.258545423390721,44.52748507091344,2,1,106
2023-04-19 17:14:53.803518,20,30,16.006945329474217,57.20500128934229,1,2,258
2023-04-19 17:14:53.803518,9,34,29.398515854946353,38.24939805236908,1,4,346
2023-04-19 17:14:53.803518,12,34,30.481685351499518,62.049749922296684,1,3,492
2023-04-19 17:14:53.803518,23,8,17.28034342482938,48.73662376757239,1,4,353
2023-04-19 17:14:53.803518,48,20,17.152754755639958,50.72703025667467,1,4,426
2023-04-19 17:14:53.803518,16,45,29.036909875875622,51.96433583377895,4,1,295
2023-04-19 17:14:53.803518,14,6,21.380539532074692,52.78465972436088,2,4,170
2023-04-19 17:14:53.803518,11,37,12.604200972073855,60.66051217876476,1,4,315
2023-04-19 17:14:53.803518,31,39,6.469814419393277,63.56069117974524,1,2,273
2023-04-19 17:14:53.803518,48,5,12.106818616494042,43.279263992593854,1,1,91
2023-04-19 17:14:53.803518,40,7,17.192651742893034,53.29969605773723,3,3,442
2023-04-19 17:14:53.803518,26,43,30.21876779510613,56.06793238110832,3,3,143
2023-04-19 17:14:53.803518,35,11,17.796302663384306,39.27983434196948,2,1,150
2023-04-19 17:14:53.803518,1,11,28.12770031992916,54.69570682698424,4,1,248
2023-04-19 17:14:53.803518,31,12,18.277734213229223,39.07520323432859,1,4,388
2023-04-19 17:14:53.803518,42,30,17.118021911831303,67.32043599247707,4,2,4
2023-04-19 17:14:53.803518,47,44,23.86261453733651,35.57444939556217,4,1,239
2023-04-19 17:14:53.803518,40,39,28.03409503947737,34.36736635300296,1,2,287
2023-04-19 17:14:53.803518,7,19,22.242543717174744,48.72510323494399,4,4,238
2023-04-19 17:14:53.803518,41,10,9.71767492292977,52.68067736017452,1,1,415
2023-04-19 17:14:53.803518,19,38,22.934716125944576,72.87967984896414,2,1,342
2023-04-19 17:14:53.803518,27,43,22.872417254634946,53.58533808922482,3,3,169
2023-04-19 17:14:53.803518,29,31,18.271567819589166,40.917223015931896,4,1,449
2023-04-19 17:14:53.803518,0,27,32.792706118271106,44.76473012358958,1,4,314
2023-04-19 17:14:53.803518,35,29,18.037352417678683,57.8266129242295,2,4,448
2023-04-19 17:14:53.803518,15,9,31.18874977867077,47.126706131443036,2,1,437
2023-04-19 17:14:53.803518,48,2,27.369091306949827,40.31188426345126,3,1,387
2023-04-19 17:14:53.803518,8,21,18.127198389925386,32.21769979054869,1,2,280
2023-04-19 17:14:53.803518,25,21,21.084847349353748,32.51759568875977,2,3,278
2023-04-19 17:14:53.803518,1,9,20.03670797088787,29.60575579574177,2,4,266
2023-04-19 17:14:53.803518,43,9,19.457192424120457,52.31852789255564,4,1,189
2023-04-19 17:14:53.803518,8,47,19.787759492618175,39.39041531158015,2,4,311
2023-04-19 17:14:53.803518,27,25,27.15793060302714,61.77184064842656,4,3,29
2023-04-19 17:14:53.803518,18,19,10.30992935414089,47.36594135859047,2,1,307
2023-04-19 17:14:53.803518,19,14,9.496477076789319,49.13158105821315,1,3,189
2023-04-19 17:14:53.803518,18,3,19.148415866241557,43.654529069776274,2,1,355
2023-04-19 17:14:53.803518,25,31,21.889248702285347,51.02503436076905,2,1,345
2023-04-19 17:14:53.803518,35,24,15.929362410016985,55.59107436180249,2,1,201
2023-04-19 17:14:53.803518,39,22,27.484713707577267,42.49694861313786,1,2,369
2023-04-19 17:14:53.803518,9,34,24.15101990701957,48.164038372376424,3,4,225
2023-04-19 17:14:53.803518,3,39,18.088414665240332,58.416086867721575,1,1,425
2023-04-19 17:14:53.803518,25,15,17.370794305127365,55.271008573128114,2,3,479
2023-04-19 17:14:53.803518,37,34,19.959212978055426,36.88865774185054,1,2,337
2023-04-19 17:14:53.803518,47,4,24.964495439500176,55.04527501904652,2,4,253
2023-04-19 17:14:53.803518,36,4,24.93684572612257,55.865595752160715,1,4,179
2023-04-19 17:14:53.803518,48,6,23.57939706836873,51.9698612184071,3,4,385
2023-04-19 17:14:53.803518,46,6,13.79173461142234,57.54399454536875,4,1,434
2023-04-19 17:14:53.803518,29,36,13.709820661086852,66.45189870656435,1,2,163
2023-04-19 17:14:53.803518,41,48,13.998581455249509,55.8844526999127,3,2,343
2023-04-19 17:14:53.803518,0,25,19.176678414087984,51.25182115352312,1,1,12
2023-04-19 17:14:53.803518,31,43,23.58195739437904,41.291783573646484,4,3,282
2023-04-19 17:14:53.803518,19,5,24.709185753869484,55.422638114583236,3,2,337
2023-04-19 17:14:53.803518,21,31,20.888955469793345,52.54651810065951,2,1,494
2023-04-19 17:14:53.803518,3,43,17.83363206811013,51.06022251474245,1,1,490
2023-04-19 17:14:53.803518,1,41,16.42107348754321,51.6807628479719,1,2,254
2023-04-19 17:14:53.803518,34,9,15.377594957263007,50.60410269601307,3,2,229
2023-04-19 17:14:53.803518,44,26,23.563750853650966,41.48062319012355,1,1,250
2023-04-19 17:14:53.803518,20,31,13.38783041708648,58.32652983213194,2,3,428
2023-04-19 17:14:53.803518,28,11,28.007613444087582,46.7848958807205,3,1,87
2023-04-19 17:14:53.803518,18,40,26.726895619413266,69.91058530925116,3,3,294
2023-04-19 17:14:53.803518,48,4,25.602545777807993,58.20421945953156,1,4,181
2023-04-19 17:14:53.803518,15,7,22.30235016182382,56.30211237791544,4,4,81
2023-04-19 17:14:53.803518,11,12,22.311878841045903,45.08096147011879,2,3,77
2023-04-19 17:14:53.803518,11,6,23.93902087404948,41.49537321668063,4,3,99
2023-04-19 17:14:53.803518,27,18,17.845725687450308,46.42741326709394,4,2,493
2023-04-19 17:14:53.803518,41,41,14.746028409755851,35.896784174168694,3,4,103
2023-04-19 17:14:53.803518,25,2,18.182016112055756,33.75520463348968,1,2,255
2023-04-19 17:14:53.803518,29,23,23.864887616612567,63.017467422852356,1,2,158
2023-04-19 17:14:53.803518,27,8,14.648306071434297,57.15574351068402,2,4,125
2023-04-19 17:14:53.803518,41,16,22.823672176552705,59.51451063764003,1,2,484
2023-04-19 17:14:53.803518,25,25,11.52824393741651,52.58949220539327,1,1,185
2023-04-19 17:14:53.803518,20,34,24.732057489210774,59.29741545160131,2,1,188
2023-04-19 17:14:53.803518,34,33,22.087684531100283,47.46600629547635,2,3,219
2023-04-19 17:14:53.803518,41,43,24.408058401547738,57.29221602748397,2,4,260
2023-04-19 17:14:53.803518,35,44,16.42349948847462,46.40338062704183,1,2,436
2023-04-19 17:14:53.803518,35,35,17.0230136395946,36.3725191514723,3,4,433
2023-04-19 17:14:53.803518,40,34,22.023918411838586,41.146548517201595,4,2,421
2023-04-19 17:14:53.803518,29,6,15.452605603341748,58.199183010257926,3,3,269
2023-04-19 17:14:53.803518,20,28,18.52973863474123,42.32678522164258,4,1,4
2023-04-19 17:14:53.803518,26,48,14.08092534186617,49.16273590390031,1,2,399
2023-04-19 17:14:53.803518,43,8,19.905055657789163,59.57255309663052,1,3,139
2023-04-19 17:14:53.803518,9,9,9.439088762955276,54.095121865354066,2,2,420
2023-04-19 17:14:53.803518,17,25,14.584725617471985,37.75297018191901,3,1,51
2023-04-19 17:14:53.803518,38,5,27.94455585410502,59.52739729899304,4,2,155
2023-04-19 17:14:53.803518,47,45,19.55589160422818,51.625272617809735,1,1,97
2023-04-19 17:14:53.803518,9,0,16.806165701525664,66.81394332914857,2,4,360
2023-04-19 17:14:53.803518,42,47,19.737072908022984,54.240365602296286,4,4,104
2023-04-19 17:14:53.803518,22,31,23.52894815729749,55.580411870095936,2,2,321
2023-04-19 17:14:53.803518,28,27,22.99695577212038,52.07188586776679,4,1,221
2023-04-19 17:14:53.803518,38,12,11.662920598782122,69.96729220929335,2,2,408
2023-04-19 17:14:53.803518,40,6,25.262579316340997,40.6861021375764,2,2,327
2023-04-19 17:14:53.803518,15,29,17.184545535171715,44.911155185033124,2,3,409
2023-04-19 17:14:53.803518,6,41,23.917798948589056,49.337235512127336,3,2,122
2023-04-19 17:14:53.803518,40,20,19.15192883886326,23.788185703231765,4,2,179
2023-04-19 17:14:53.803518,16,34,17.893104180999483,55.52050453435119,3,3,482
2023-04-19 17:14:53.803518,21,39,19.987326488651018,41.25454334286148,2,2,475
2023-04-19 17:14:53.803518,38,22,26.0854303113428,39.57902387123535,3,2,310
2023-04-19 17:14:53.803518,45,26,23.98354364315771,42.66707038550991,3,4,129
2023-04-19 17:14:53.803518,22,4,21.990694159568026,45.44921066877941,4,4,224
2023-04-19 17:14:53.803518,45,44,19.61811807711611,31.59240744592913,2,3,159
2023-04-19 17:14:53.803518,46,28,15.447799794806247,53.154130795306216,3,2,265
2023-04-19 17:14:53.803518,35,1,24.414764873004703,69.42863539748053,2,2,269
2023-04-19 17:14:53.803518,33,41,26.24427816934208,51.08900579037187,4,4,120
2023-04-19 17:14:53.803518,36,28,23.31550232919463,27.694336669751184,3,3,436
2023-04-19 17:14:53.803518,10,41,18.096246293892182,51.24306705117781,1,4,271
2023-04-19 17:14:53.803518,23,43,17.453654027444898,49.41711069262399,4,1,363
2023-04-19 17:14:53.803518,0,42,17.119232835776202,52.61543536749653,2,1,456
2023-04-19 17:14:53.803518,14,31,12.281402287363834,48.31317234867941,1,1,275
2023-04-19 17:14:53.803518,42,34,21.881488896635382,28.067045072604916,3,3,416
2023-04-19 17:14:53.803518,35,36,23.703126808992682,48.19122756381902,3,3,28
2023-04-19 17:14:53.803518,45,43,23.40928178022028,55.68645319870449,4,4,189
2023-04-19 17:14:53.803518,1,15,31.606013365048312,62.251941639671074,3,3,251
2023-04-19 17:14:53.803518,31,26,24.51287350655625,70.1410366131877,4,2,472
2023-04-19 17:14:53.803518,29,4,21.898943004561378,39.489579164761885,1,4,320
2023-04-19 17:14:53.803518,0,3,20.36795968719052,46.294764338963816,3,4,28
2023-04-19 17:14:53.803518,33,27,17.607386395867923,62.8538590018911,1,3,95
2023-04-19 17:14:53.803518,31,19,29.697420291437588,57.71504852575736,4,1,61
2023-04-19 17:14:53.803518,15,37,24.21020219862104,57.290202253870305,3,3,122
2023-04-19 17:14:53.803518,4,30,13.426276262516051,54.959762270042546,3,2,380
2023-04-19 17:14:53.803518,5,20,30.458461369572614,51.42323304240588,3,1,141
2023-04-19 17:14:53.803518,20,34,17.750743478828372,47.03106089571521,2,3,23
2023-04-19 17:14:53.803518,42,40,12.834206530540406,67.91642649466779,1,2,77
2023-04-19 17:14:53.803518,42,23,24.731214172513226,35.475846885343365,4,1,420
2023-04-19 17:14:53.803518,45,1,26.72245205228425,40.961354115340825,4,4,63
2023-04-19 17:14:53.803518,49,46,10.445926413191145,46.670428293123436,2,2,476
2023-04-19 17:14:53.803518,46,7,26.5433801670543,42.55756047583875,4,3,164
2023-04-19 17:14:53.803518,35,19,13.706341154131763,59.72113803574274,4,2,210
2023-04-19 17:14:53.803518,34,4,11.635294391483363,31.57214720809359,4,3,261
2023-04-19 17:14:53.803518,33,16,13.498128013539894,32.56600965746614,4,3,252
2023-04-19 17:14:53.803518,49,36,14.78351487648807,51.73064768607958,3,3,235
2023-04-19 17:14:53.803518,34,3,10.66175540912656,37.643730698183525,4,3,265
2023-04-19 17:14:53.803518,43,26,23.18110398889224,50.41862253781966,2,3,431
2023-04-19 17:14:53.803518,18,33,21.073955888118803,50.23048574945749,3,2,299
2023-04-19 17:14:53.803518,33,19,15.149387204110077,25.642876382234174,4,4,435
2023-04-19 17:14:53.803518,32,38,16.3275804718807,45.83454137483958,2,3,315
2023-04-19 17:14:53.803518,7,32,26.439802456021972,61.02590703578339,2,2,379
2023-04-19 17:14:53.803518,29,37,23.006660228475045,46.46363520436735,4,3,92
2023-04-19 17:14:53.803518,35,7,15.735400433904113,37.19555149961434,1,4,403
2023-04-19 17:14:53.803518,31,45,22.104531387662046,50.922728096756295,1,3,182
2023-04-19 17:14:53.803518,13,4,12.637934256739953,51.33871249104374,4,4,185
2023-04-19 17:14:53.803518,14,22,15.677338246118335,27.552896524885156,4,2,432
2023-04-19 17:14:53.803518,46,4,10.943414226572424,36.92108659228886,1,2,292
2023-04-19 17:14:53.803518,10,17,18.021348699386667,59.91896584575174,4,2,105
2023-04-19 17:14:53.803518,10,28,19.178041074325918,58.07088426946519,4,3,464
2023-04-19 17:14:53.803518,42,34,29.95916249001089,36.7303064668437,1,4,496
2023-04-19 17:14:53.803518,41,41,13.436533555265687,55.017723016536415,1,1,273
2023-04-19 17:14:53.803518,12,11,15.778856346787776,39.44553434746322,1,4,433
2023-04-19 17:14:53.803518,21,43,23.857309741661854,40.74257829975319,4,1,302
2023-04-19 17:14:53.803518,11,45,20.441570341415872,43.2853392788136,1,3,407
2023-04-19 17:14:53.803518,12,2,12.61538480549392,55.769548978146155,3,2,298
2023-04-19 17:14:53.803518,24,42,23.182429184674636,48.43530998421166,1,3,384
2023-04-19 17:14:53.803518,43,8,11.511436656261745,48.972488741000326,2,2,73
2023-04-19 17:14:53.803518,33,27,21.676741127046938,32.82422217981663,3,4,200
2023-04-19 17:14:53.803518,37,13,24.64478838778183,62.72003222702491,4,1,54
2023-04-19 17:14:53.803518,8,4,19.904534874417642,45.85529086203103,4,4,292
2023-04-19 17:14:53.803518,21,27,25.219500370283296,53.56640952388352,3,1,424
2023-04-19 17:14:53.803518,44,46,23.451212622504805,59.630822883324164,1,4,57
2023-04-19 17:14:53.803518,32,42,23.29216707199046,40.85135627571023,1,2,334
2023-04-19 17:14:53.803518,13,35,24.79536847391311,49.63051060216712,3,2,338
2023-04-19 17:14:53.803518,6,0,27.329169265259658,53.03815293448925,4,3,300
2023-04-19 17:14:53.803518,37,6,29.15855365798065,30.486487550313672,3,2,291
2023-04-19 17:14:53.803518,24,16,24.47994428176406,40.69700916452127,3,1,69
2023-04-19 17:14:53.803518,42,47,24.047620507960993,54.79624541201923,3,3,95
2023-04-19 17:14:53.803518,0,40,22.370820898436428,47.470888467531786,1,4,35
2023-04-19 17:14:53.803518,42,43,32.86309950233846,52.592571492295384,2,1,88
2023-04-19 17:14:53.803518,40,14,15.599968673924018,62.94588270874527,2,1,463
2023-04-19 17:14:53.803518,38,30,20.747577068070097,49.149831794188785,4,4,383
2023-04-19 17:14:53.803518,43,16,34.2777013330743,44.946914521429576,3,1,450
2023-04-19 17:14:53.803518,20,25,11.832565887570443,50.901760733081026,1,1,462
2023-04-19 17:14:53.803518,49,19,19.464196273707554,67.2354712809252,2,4,294
2023-04-19 17:14:53.803518,5,8,18.10152489369301,45.64527710274751,4,1,25
2023-04-19 17:14:53.803518,35,9,21.055872550076845,50.70355967379933,2,1,401
2023-04-19 17:14:53.803518,6,23,28.04175614459953,62.6335999198763,1,2,98
2023-04-19 17:14:53.803518,26,28,22.018617944782847,44.29054035222339,3,2,296
2023-04-19 17:14:53.803518,22,33,26.312388345279338,40.9631559471227,2,1,208
2023-04-19 17:14:53.803518,28,27,14.083953021164305,47.11687530553633,2,3,457
2023-04-19 17:14:53.803518,26,4,13.448617753938105,51.71080709422444,4,3,273
2023-04-19 17:14:53.803518,19,34,19.427754689576933,47.74458823718823,4,2,136
2023-04-19 17:14:53.803518,14,26,25.7072392149206,73.4439507304244,4,1,491
2023-04-19 17:14:53.803518,14,6,20.179704722696012,26.39929298785102,3,1,287
2023-04-19 17:14:53.803518,35,6,21.381725100323223,36.456634410295266,2,2,173
2023-04-19 17:14:53.803518,17,38,23.06760174172293,62.807854012884995,2,1,410
2023-04-19 17:14:53.803518,1,27,23.497593694577347,37.80861517004682,4,3,459
2023-04-19 17:14:53.803518,12,26,10.786513337616652,58.799275485229884,3,4,424
2023-04-19 17:14:53.803518,28,31,17.459205249607052,60.30845747868935,4,1,114
2023-04-19 17:14:53.803518,21,30,18.165026359130938,49.1088441901875,3,2,157
2023-04-19 17:14:53.803518,38,40,14.584680429630923,48.30530311883875,1,1,298
2023-04-19 17:14:53.803518,17,11,16.619543144714516,50.65838936729857,3,2,274
2023-04-19 17:14:53.803518,22,11,17.74009193109209,62.73294970526791,1,1,169
2023-04-19 17:14:53.803518,19,4,18.890650508009298,46.49363944954945,3,4,418
2023-04-19 17:14:53.803518,23,28,13.092179160424921,49.69123053445314,4,1,202
2023-04-19 17:14:53.803518,44,48,21.667289775666333,58.62877091679876,3,4,486
2023-04-19 17:14:53.803518,45,13,15.40976393105116,60.79809320201525,4,1,87
2023-04-19 17:14:53.803518,18,23,28.971111196920482,47.46679553346391,3,3,30
2023-04-19 17:14:53.803518,44,26,24.85365337240364,37.98555094346231,4,3,335
2023-04-19 17:14:53.803518,27,23,15.76387053375443,71.61214105671469,1,2,394
2023-04-19 17:14:53.803518,27,5,12.381464132838037,47.66403551652571,1,3,461
2023-04-19 17:14:53.803518,12,48,29.01492957986497,47.79196285533082,3,4,392
2023-04-19 17:14:53.803518,20,12,16.52400633456382,47.79798726011391,3,4,53
2023-04-19 17:14:53.803518,30,18,27.30000161744387,47.15142696009094,2,3,381
2023-04-19 17:14:53.803518,8,23,14.922277198360046,42.63481703711043,1,1,43
2023-04-19 17:14:53.803518,5,17,17.835120342143007,50.70402978001605,1,1,488
2023-04-19 17:14:53.803518,0,26,17.965077549128573,39.07523887443486,4,2,148
2023-04-19 17:14:53.803518,44,28,23.63412191662396,56.02387331435366,1,1,451
2023-04-19 17:14:53.803518,23,49,27.36985710954687,61.70143594822915,3,1,182
2023-04-19 17:14:53.803518,4,32,23.675730419333796,55.27462072254206,1,2,37
2023-04-19 17:14:53.803518,27,19,24.834277174094503,46.086107916623995,2,1,245
2023-04-19 17:14:53.803518,23,44,30.265906353046546,51.47167434064869,2,1,281
2023-04-19 17:14:53.803518,12,6,19.118948009158554,50.50536183840058,1,4,3
2023-04-19 17:14:53.803518,23,20,16.606209266695902,60.810229279714726,2,2,120
2023-04-19 17:14:53.803518,12,6,22.615095859660478,59.91264771937017,4,4,488
2023-04-19 17:14:53.803518,15,2,17.95395898205677,66.03919795328412,4,2,463
2023-04-19 17:14:53.803518,16,3,17.496529734244355,48.613370003443755,4,1,108
2023-04-19 17:14:53.803518,23,5,18.911013671528085,56.43557808577608,2,3,272
2023-04-19 17:14:53.803518,19,47,21.763936830708065,48.973052383630844,2,1,379
2023-04-19 17:14:53.803518,24,44,17.38512647719745,46.302807929141196,1,2,346
2023-04-19 17:14:53.803518,30,1,26.199687731114178,55.873638708297534,2,4,247
2023-04-19 17:14:53.803518,48,11,18.201351545144316,56.48968956477769,2,2,17
2023-04-19 17:14:53.803518,43,16,11.949801092203032,50.44488465604187,3,3,259
2023-04-19 17:14:53.803518,10,9,19.523116515816714,66.88472388628233,3,2,363
2023-04-19 17:14:53.803518,20,39,24.83698649449893,48.08555209525251,2,2,261
2023-04-19 17:14:53.803518,42,41,15.456199416702148,57.67697622786251,4,2,113
2023-04-19 17:14:53.803518,4,30,28.657393053345622,57.13591810282188,4,2,448
2023-04-19 17:14:53.803518,48,18,15.29993862419532,60.21954841452744,2,1,315
2023-04-19 17:14:53.803518,30,10,17.743446248075504,43.589396992069304,4,4,430
2023-04-19 17:14:53.803518,43,34,19.061507270231107,51.371958641975034,4,3,147
2023-04-19 17:14:53.803518,41,41,14.809225176251537,40.657832997619835,3,1,10
2023-04-19 17:14:53.803518,21,2,19.14206610542393,32.497579636634406,4,4,98
2023-04-19 17:14:53.803518,2,28,11.783491885430912,65.90133107043214,3,2,331
2023-04-19 17:14:53.803518,9,48,12.255756510343065,49.07281719637789,4,3,5
2023-04-19 17:14:53.803518,4,5,19.595993906247923,52.00622494891487,3,4,428
2023-04-19 17:14:53.803518,15,7,16.810517839085126,59.50199848266477,3,1,128
2023-04-19 17:14:53.803518,29,18,30.206063005266664,65.34560511334966,2,1,221
2023-04-19 17:14:53.803518,45,15,14.748849808175745,65.5597220722837,3,3,491
2023-04-19 17:14:53.803518,0,32,16.353928311594725,45.45636061928485,2,1,346
2023-04-19 17:14:53.803518,37,47,11.959812831942031,70.01370264956992,2,4,332
2023-04-19 17:14:53.803518,32,20,14.709490983984713,52.38175122013917,3,2,148
2023-04-19 17:14:53.803518,38,16,24.26721192923596,61.22255884478583,3,2,450
2023-04-19 17:14:53.803518,32,2,28.044090559735068,66.56394532072184,1,1,450
2023-04-19 17:14:53.803518,22,14,21.232058965498936,43.21323564846117,4,1,327
2023-04-19 17:14:53.803518,17,12,19.428049659498008,47.70439594608109,4,3,243
2023-04-19 17:14:53.803518,35,42,18.320999682061945,54.88002902050672,2,3,25
2023-04-19 17:14:53.803518,19,29,22.021241108052628,48.34004938279754,2,4,125
2023-04-19 17:14:53.803518,35,5,24.79795145811259,40.7801983176175,3,2,363
2023-04-19 17:14:53.803518,4,43,22.95721009266292,63.04122157291046,4,3,157
2023-04-19 17:14:53.803518,4,46,27.677132106626395,36.9883745214969,2,4,397
2023-04-19 17:14:53.803518,47,16,23.436383483034092,52.806458914578656,1,2,212
2023-04-19 17:14:53.803518,19,17,28.86298312612,55.74743626277147,4,3,386
2023-04-19 17:14:53.803518,4,30,24.39376139995334,41.29717067090656,3,2,160
2023-04-19 17:14:53.803518,7,35,20.841279699033993,46.381985925050444,2,3,30
2023-04-19 17:14:53.803518,28,47,8.724809060341945,46.10953222896604,2,1,26
2023-04-19 17:14:53.803518,4,40,23.306937123831272,51.66972869752714,2,2,107
2023-04-19 17:14:53.803518,9,15,21.616339977567726,58.38269772969212,1,1,444
2023-04-19 17:14:53.803518,4,2,15.443293113191295,56.890788144011104,1,4,369
2023-04-19 17:14:53.803518,25,32,15.395137474551039,43.6148631780829,1,1,423
